"UID","ENG_Place","Self_Place","AWPE","Category","GPA","interval","accurate"
"NAME0001","1","1",27,"A",3.78,FALSE,TRUE
"NAME0002","1","1",28,"A",4,FALSE,TRUE
"NAME0003","1","1",28,"A",3.55,FALSE,TRUE
"NAME0004","1","1",28,"A",3.92,FALSE,TRUE
"NAME0005","1","1",30,"A",3.93,FALSE,TRUE
"NAME0006","1","1",31,"A",3.4,FALSE,TRUE
"NAME0007","1","1",31,"A",3.65,FALSE,TRUE
"NAME0008","1","1",32,"A",3.9,FALSE,TRUE
"NAME0009","1","1",32,"A",2.65,FALSE,TRUE
"NAME0010","1","1",32,"A",3.83,FALSE,TRUE
"NAME0011","1","4",34,"H",4,FALSE,FALSE
"NAME0012","1","1",37,"A",2.03,FALSE,TRUE
"NAME0013","1","1",37,"A",3.91,FALSE,TRUE
"NAME0014","1","1",38,"A",0,FALSE,TRUE
"NAME0015","1","2",31,"H",3.92,FALSE,FALSE
"NAME0016","1","2",31,"H",3.76,FALSE,FALSE
"NAME0017","1","2",32,"H",4,FALSE,FALSE
"NAME0018","1","2",33,"H",3.91,FALSE,FALSE
"NAME0019","1","2",34,"H",3.3,FALSE,FALSE
"NAME0020","1","2",34,"H",3.96,FALSE,FALSE
"NAME0021","1","2",35,"H",4,FALSE,FALSE
"NAME0022","1","2",35,"H",3.04,FALSE,FALSE
"NAME0023","1","5",35,"H",3.91,FALSE,FALSE
"NAME0024","1","2",36,"H",3,FALSE,FALSE
"NAME0025","1","2",36,"H",3.95,FALSE,FALSE
"NAME0026","1","3",36,"H",3.75,FALSE,FALSE
"NAME0027","1","2",36,"H",4,FALSE,FALSE
"NAME0028","1","3",36,"H",3.88,FALSE,FALSE
"NAME0029","1","2",37,"H",3.66,FALSE,FALSE
"NAME0030","1","2",37,"H",2.5,FALSE,FALSE
"NAME0031","1","2",38,"H",3.96,FALSE,FALSE
"NAME0032","1","2",38,"H",3.15,FALSE,FALSE
"NAME0033","1","2",38,"H",3.05,FALSE,FALSE
"NAME0034","1","3",38,"H",3.87,FALSE,FALSE
"NAME0035","1","2",39,"H",3.85,FALSE,FALSE
"NAME0036","1","2",40,"H",3.7,FALSE,FALSE
"NAME0037","1","2",40,"H",3.29,FALSE,FALSE
"NAME0038","1","2",40,"H",3.66,FALSE,FALSE
"NAME0039","1","2",40,"H",3.8,FALSE,FALSE
"NAME0040","1","3",40,"H",3.77,FALSE,FALSE
"NAME0041","1","3",40,"H",3.85,FALSE,FALSE
"NAME0042","1","3",41,"H",3.95,TRUE,FALSE
"NAME0043","1","3",42,"H",2.78,TRUE,FALSE
"NAME0044","1","3",42,"H",4,TRUE,FALSE
"NAME0045","1","3",43,"H",4,TRUE,FALSE
"NAME0046","1","2",44,"H",3.48,TRUE,FALSE
"NAME0049","2","2",24,"A",3.67,FALSE,TRUE
"NAME0050","2","5",25,"H",3.91,FALSE,FALSE
"NAME0051","2","2",26,"A",4,FALSE,TRUE
"NAME0052","2","2",28,"A",3.95,FALSE,TRUE
"NAME0053","2","2",28,"A",3.95,FALSE,TRUE
"NAME0054","2","2",28,"A",3.72,FALSE,TRUE
"NAME0055","2","2",28,"A",3.95,FALSE,TRUE
"NAME0056","2","2",29,"A",4,FALSE,TRUE
"NAME0057","2","2",29,"A",3.96,FALSE,TRUE
"NAME0058","2","2",29,"A",3.87,FALSE,TRUE
"NAME0059","2","2",29,"A",3.66,FALSE,TRUE
"NAME0060","2","2",29,"A",4,FALSE,TRUE
"NAME0061","2","2",30,"A",3.96,FALSE,TRUE
"NAME0062","2","2",30,"A",4,FALSE,TRUE
"NAME0063","2","2",30,"A",4,FALSE,TRUE
"NAME0064","2","2",30,"A",3.95,FALSE,TRUE
"NAME0065","2","2",30,"A",3.8,FALSE,TRUE
"NAME0066","2","2",30,"A",3.64,FALSE,TRUE
"NAME0067","2","2",30,"A",3.93,FALSE,TRUE
"NAME0068","2","2",30,"A",4,FALSE,TRUE
"NAME0069","2","2",30,"A",3.87,FALSE,TRUE
"NAME0070","2","2",31,"A",3.88,FALSE,TRUE
"NAME0071","2","2",31,"A",3.75,FALSE,TRUE
"NAME0072","2","2",31,"A",3.8,FALSE,TRUE
"NAME0073","2","2",31,"A",3.96,FALSE,TRUE
"NAME0074","2","2",31,"A",3.54,FALSE,TRUE
"NAME0075","2","2",31,"A",4,FALSE,TRUE
"NAME0076","2","5",31,"H",3.96,FALSE,FALSE
"NAME0077","2","2",32,"A",4,FALSE,TRUE
"NAME0078","2","2",32,"A",3.7,FALSE,TRUE
"NAME0079","2","2",32,"A",3.9,FALSE,TRUE
"NAME0080","2","2",32,"A",2.7,FALSE,TRUE
"NAME0081","2","2",32,"A",3.96,FALSE,TRUE
"NAME0082","2","2",32,"A",4,FALSE,TRUE
"NAME0083","2","2",32,"A",4,FALSE,TRUE
"NAME0084","2","2",32,"A",4,FALSE,TRUE
"NAME0085","2","2",32,"A",4,FALSE,TRUE
"NAME0086","2","2",32,"A",3.54,FALSE,TRUE
"NAME0087","2","2",32,"A",4,FALSE,TRUE
"NAME0088","2","2",33,"A",4,FALSE,TRUE
"NAME0089","2","2",33,"A",3.74,FALSE,TRUE
"NAME0090","2","2",33,"A",3.95,FALSE,TRUE
"NAME0091","2","2",33,"A",3.95,FALSE,TRUE
"NAME0092","2","2",33,"A",3.87,FALSE,TRUE
"NAME0093","2","2",33,"A",3.83,FALSE,TRUE
"NAME0094","2","2",33,"A",3.92,FALSE,TRUE
"NAME0095","2","2",33,"A",3.7,FALSE,TRUE
"NAME0096","2","2",33,"A",3.3,FALSE,TRUE
"NAME0097","2","2",33,"A",4,FALSE,TRUE
"NAME0098","2","2",33,"A",3.61,FALSE,TRUE
"NAME0099","2","2",33,"A",3.8,FALSE,TRUE
"NAME0100","2","2",33,"A",4,FALSE,TRUE
"NAME0101","2","2",33,"A",3.54,FALSE,TRUE
"NAME0102","2","2",33,"A",3.66,FALSE,TRUE
"NAME0103","2","2",33,"A",3.63,FALSE,TRUE
"NAME0104","2","2",34,"A",3.53,FALSE,TRUE
"NAME0105","2","2",34,"A",3.92,FALSE,TRUE
"NAME0106","2","2",34,"A",3.9,FALSE,TRUE
"NAME0107","2","2",34,"A",3.89,FALSE,TRUE
"NAME0108","2","2",34,"A",3.61,FALSE,TRUE
"NAME0109","2","2",34,"A",4,FALSE,TRUE
"NAME0110","2","2",34,"A",3.86,FALSE,TRUE
"NAME0111","2","2",34,"A",3.95,FALSE,TRUE
"NAME0112","2","2",34,"A",3.65,FALSE,TRUE
"NAME0113","2","2",34,"A",3.8,FALSE,TRUE
"NAME0114","2","2",34,"A",3.83,FALSE,TRUE
"NAME0115","2","2",34,"A",3.78,FALSE,TRUE
"NAME0116","2","2",34,"A",3.92,FALSE,TRUE
"NAME0117","2","2",34,"A",4,FALSE,TRUE
"NAME0118","2","2",34,"A",3.92,FALSE,TRUE
"NAME0119","2","2",34,"A",3.77,FALSE,TRUE
"NAME0120","2","2",34,"A",3.86,FALSE,TRUE
"NAME0121","2","2",34,"A",3.63,FALSE,TRUE
"NAME0122","2","5",34,"H",4,FALSE,FALSE
"NAME0123","2","5",34,"H",3.34,FALSE,FALSE
"NAME0124","2","2",35,"A",3.89,FALSE,TRUE
"NAME0125","2","2",35,"A",3.93,FALSE,TRUE
"NAME0126","2","2",35,"A",4,FALSE,TRUE
"NAME0127","2","2",35,"A",3.88,FALSE,TRUE
"NAME0128","2","2",35,"A",4,FALSE,TRUE
"NAME0129","2","2",35,"A",3.87,FALSE,TRUE
"NAME0130","2","2",35,"A",3.95,FALSE,TRUE
"NAME0131","2","2",35,"A",2.45,FALSE,TRUE
"NAME0132","2","2",35,"A",4,FALSE,TRUE
"NAME0133","2","2",35,"A",3.96,FALSE,TRUE
"NAME0134","2","2",35,"A",4,FALSE,TRUE
"NAME0135","2","2",35,"A",3.96,FALSE,TRUE
"NAME0136","2",NA,35,"H",4,FALSE,FALSE
"NAME0137","2","2",36,"A",4,FALSE,TRUE
"NAME0138","2","2",36,"A",3.92,FALSE,TRUE
"NAME0139","2","2",36,"A",4,FALSE,TRUE
"NAME0140","2","2",36,"A",3.75,FALSE,TRUE
"NAME0141","2","2",36,"A",3.96,FALSE,TRUE
"NAME0142","2","2",36,"A",3.57,FALSE,TRUE
"NAME0143","2","2",36,"A",3.95,FALSE,TRUE
"NAME0144","2","2",36,"A",4,FALSE,TRUE
"NAME0145","2","2",36,"A",4,FALSE,TRUE
"NAME0146","2","2",36,"A",3.5,FALSE,TRUE
"NAME0147","2","2",36,"A",0,FALSE,TRUE
"NAME0148","2","2",36,"A",3.95,FALSE,TRUE
"NAME0149","2","2",36,"A",4,FALSE,TRUE
"NAME0150","2","2",36,"A",3.88,FALSE,TRUE
"NAME0151","2","2",36,"A",3.63,FALSE,TRUE
"NAME0152","2","2",36,"A",3.96,FALSE,TRUE
"NAME0153","2","2",36,"A",3.95,FALSE,TRUE
"NAME0154","2","2",36,"A",3.23,FALSE,TRUE
"NAME0155","2","2",36,"A",3.52,FALSE,TRUE
"NAME0156","2","2",36,"A",4,FALSE,TRUE
"NAME0157","2","2",36,"A",3.86,FALSE,TRUE
"NAME0158","2","2",36,"A",3.9,FALSE,TRUE
"NAME0159","2","5",36,"H",3.95,FALSE,FALSE
"NAME0160","2","2",37,"A",3.72,FALSE,TRUE
"NAME0161","2","2",37,"A",3.7,FALSE,TRUE
"NAME0162","2","2",37,"A",3.93,FALSE,TRUE
"NAME0163","2","2",37,"A",3.57,FALSE,TRUE
"NAME0164","2","2",37,"A",3.92,FALSE,TRUE
"NAME0165","2","2",37,"A",4,FALSE,TRUE
"NAME0166","2","2",37,"A",3.87,FALSE,TRUE
"NAME0167","2","2",37,"A",3.96,FALSE,TRUE
"NAME0168","2","2",37,"A",3.96,FALSE,TRUE
"NAME0169","2","2",37,"A",4,FALSE,TRUE
"NAME0170","2","2",37,"A",3.83,FALSE,TRUE
"NAME0171","2","2",37,"A",4,FALSE,TRUE
"NAME0172","2","2",37,"A",4,FALSE,TRUE
"NAME0173","2","2",37,"A",4,FALSE,TRUE
"NAME0174","2","2",37,"A",3.92,FALSE,TRUE
"NAME0175","2","2",37,"A",2.66,FALSE,TRUE
"NAME0176","2","2",37,"A",3.71,FALSE,TRUE
"NAME0177","2","2",37,"A",3.79,FALSE,TRUE
"NAME0178","2","2",37,"A",3.9,FALSE,TRUE
"NAME0179","2","2",37,"A",3.92,FALSE,TRUE
"NAME0180","2","2",37,"A",3.27,FALSE,TRUE
"NAME0181","2","2",38,"A",3.21,FALSE,TRUE
"NAME0182","2","2",38,"A",3.85,FALSE,TRUE
"NAME0183","2","2",38,"A",4,FALSE,TRUE
"NAME0184","2","2",38,"A",4,FALSE,TRUE
"NAME0185","2","2",38,"A",3.87,FALSE,TRUE
"NAME0186","2","2",38,"A",3.73,FALSE,TRUE
"NAME0187","2","2",38,"A",4,FALSE,TRUE
"NAME0188","2","2",38,"A",3.84,FALSE,TRUE
"NAME0189","2","2",38,"A",3.71,FALSE,TRUE
"NAME0190","2","2",38,"A",3.42,FALSE,TRUE
"NAME0191","2","2",38,"A",3.92,FALSE,TRUE
"NAME0192","2","2",38,"A",3.91,FALSE,TRUE
"NAME0193","2","2",38,"A",3.91,FALSE,TRUE
"NAME0194","2","2",38,"A",3.84,FALSE,TRUE
"NAME0195","2","2",38,"A",3.8,FALSE,TRUE
"NAME0196","2","2",38,"A",3.96,FALSE,TRUE
"NAME0197","2","2",38,"A",4,FALSE,TRUE
"NAME0198","2","2",38,"A",4,FALSE,TRUE
"NAME0199","2","2",38,"A",3.89,FALSE,TRUE
"NAME0200","2","2",38,"A",4,FALSE,TRUE
"NAME0201","2","5",38,"H",4,FALSE,FALSE
"NAME0202","2","2",39,"A",3.93,FALSE,TRUE
"NAME0203","2","2",39,"A",4,FALSE,TRUE
"NAME0204","2","2",39,"A",3.45,FALSE,TRUE
"NAME0205","2","2",39,"A",3.85,FALSE,TRUE
"NAME0206","2","2",39,"A",4,FALSE,TRUE
"NAME0207","2","2",39,"A",4,FALSE,TRUE
"NAME0208","2","2",39,"A",4,FALSE,TRUE
"NAME0209","2","2",39,"A",3.9,FALSE,TRUE
"NAME0210","2","2",39,"A",3.88,FALSE,TRUE
"NAME0211","2","2",39,"A",3.96,FALSE,TRUE
"NAME0212","2","2",39,"A",3.66,FALSE,TRUE
"NAME0213","2","2",39,"A",3.79,FALSE,TRUE
"NAME0214","2","2",39,"A",3.31,FALSE,TRUE
"NAME0215","2","5",39,"H",0,FALSE,FALSE
"NAME0216","2","5",39,"H",4,FALSE,FALSE
"NAME0217","2","2",40,"A",3.96,FALSE,TRUE
"NAME0218","2","2",40,"A",3.96,FALSE,TRUE
"NAME0219","2","2",40,"A",4,FALSE,TRUE
"NAME0220","2","2",40,"A",4,FALSE,TRUE
"NAME0221","2","2",40,"A",3.47,FALSE,TRUE
"NAME0222","2","2",40,"A",4,FALSE,TRUE
"NAME0223","2","2",40,"A",3.85,FALSE,TRUE
"NAME0224","2","2",40,"A",3.58,FALSE,TRUE
"NAME0225","2","2",40,"A",3.96,FALSE,TRUE
"NAME0226","2","2",40,"A",3.4,FALSE,TRUE
"NAME0227","2","2",40,"A",3.88,FALSE,TRUE
"NAME0228","2","2",40,"A",3.81,FALSE,TRUE
"NAME0229","2","2",40,"A",4,FALSE,TRUE
"NAME0230","2","2",40,"A",4,FALSE,TRUE
"NAME0231","2","2",40,"A",3.78,FALSE,TRUE
"NAME0232","2","2",41,"A",3.62,TRUE,TRUE
"NAME0233","2","2",41,"A",3.6,TRUE,TRUE
"NAME0234","2","2",41,"A",3.9,TRUE,TRUE
"NAME0235","2","2",41,"A",4,TRUE,TRUE
"NAME0236","2","2",41,"A",3.7,TRUE,TRUE
"NAME0237","2","2",41,"A",3.95,TRUE,TRUE
"NAME0238","2","2",41,"A",4,TRUE,TRUE
"NAME0239","2","2",41,"A",3.7,TRUE,TRUE
"NAME0240","2","5",41,"H",4,TRUE,FALSE
"NAME0241","2","2",42,"A",4,TRUE,TRUE
"NAME0242","2","2",42,"A",3.5,TRUE,TRUE
"NAME0243","2","2",42,"A",3.5,TRUE,TRUE
"NAME0244","2","2",42,"A",3.93,TRUE,TRUE
"NAME0245","2","2",42,"A",3.79,TRUE,TRUE
"NAME0246","2","2",42,"A",3.91,TRUE,TRUE
"NAME0247","2","2",42,"A",3.43,TRUE,TRUE
"NAME0248","2","2",42,"A",3.37,TRUE,TRUE
"NAME0249","2","2",42,"A",3.44,TRUE,TRUE
"NAME0250","2","2",42,"A",4,TRUE,TRUE
"NAME0251","2","2",43,"A",3.92,TRUE,TRUE
"NAME0252","2","2",43,"A",3.95,TRUE,TRUE
"NAME0253","2","2",43,"A",3.85,TRUE,TRUE
"NAME0254","2","2",43,"A",3.92,TRUE,TRUE
"NAME0255","2","2",43,"A",3.87,TRUE,TRUE
"NAME0256","2","2",43,"A",3.89,TRUE,TRUE
"NAME0257","2","2",43,"A",3.93,TRUE,TRUE
"NAME0258","2","2",43,"A",3.4,TRUE,TRUE
"NAME0259","2","2",43,"A",4,TRUE,TRUE
"NAME0260","2","2",43,"A",4,TRUE,TRUE
"NAME0261","2","2",43,"A",2.92,TRUE,TRUE
"NAME0262","2","2",44,"A",3.82,TRUE,TRUE
"NAME0263","2","2",44,"A",3.96,TRUE,TRUE
"NAME0264","2","2",44,"A",3.37,TRUE,TRUE
"NAME0265","2","2",44,"A",3.41,TRUE,TRUE
"NAME0266","2","2",44,"A",3.82,TRUE,TRUE
"NAME0267","2","2",44,"A",4,TRUE,TRUE
"NAME0268","2","2",44,"A",3.95,TRUE,TRUE
"NAME0269","2","2",44,"A",3.78,TRUE,TRUE
"NAME0270","2","2",45,"A",2.57,TRUE,TRUE
"NAME0271","2","2",45,"A",4,TRUE,TRUE
"NAME0272","2","2",46,"A",4,TRUE,TRUE
"NAME0273","2","2",47,"A",4,TRUE,TRUE
"NAME0274","2","2",47,"A",3.9,TRUE,TRUE
"NAME0275","2","2",47,"A",3.95,TRUE,TRUE
"NAME0276","2","3",29,"H",3.81,FALSE,FALSE
"NAME0277","2","3",31,"H",3.96,FALSE,FALSE
"NAME0278","2","3",31,"H",4,FALSE,FALSE
"NAME0279","2","3",32,"H",3.77,FALSE,FALSE
"NAME0280","2","3",32,"H",3.82,FALSE,FALSE
"NAME0281","2","3",32,"H",3.95,FALSE,FALSE
"NAME0282","2","3",32,"H",3.95,FALSE,FALSE
"NAME0283","2","3",32,"H",4,FALSE,FALSE
"NAME0284","2","3",32,"H",3.75,FALSE,FALSE
"NAME0285","2","3",33,"H",3.97,FALSE,FALSE
"NAME0286","2","3",33,"H",4,FALSE,FALSE
"NAME0287","2","3",33,"H",3.31,FALSE,FALSE
"NAME0288","2","3",34,"H",3.78,FALSE,FALSE
"NAME0289","2","3",34,"H",4,FALSE,FALSE
"NAME0290","2","3",34,"H",2.7,FALSE,FALSE
"NAME0291","2","3",34,"H",4,FALSE,FALSE
"NAME0292","2","3",34,"H",0,FALSE,FALSE
"NAME0293","2","3",34,"H",3.91,FALSE,FALSE
"NAME0294","2","3",34,"H",3.4,FALSE,FALSE
"NAME0295","2","3",34,"H",4,FALSE,FALSE
"NAME0296","2","3",34,"H",3.64,FALSE,FALSE
"NAME0297","2","3",34,"H",3.95,FALSE,FALSE
"NAME0298","2","3",34,"H",3.92,FALSE,FALSE
"NAME0299","2","3",34,"H",3.78,FALSE,FALSE
"NAME0300","2","3",35,"H",3.86,FALSE,FALSE
"NAME0301","2","3",35,"H",3.95,FALSE,FALSE
"NAME0302","2","3",35,"H",3.84,FALSE,FALSE
"NAME0303","2","3",35,"H",3.96,FALSE,FALSE
"NAME0304","2","3",35,"H",3.66,FALSE,FALSE
"NAME0305","2","3",35,"H",3.85,FALSE,FALSE
"NAME0306","2","3",35,"H",4,FALSE,FALSE
"NAME0307","2","3",35,"H",3.44,FALSE,FALSE
"NAME0308","2","3",35,"H",4,FALSE,FALSE
"NAME0309","2","3",36,"H",3.5,FALSE,FALSE
"NAME0310","2","3",36,"H",3.84,FALSE,FALSE
"NAME0311","2","3",36,"H",3.96,FALSE,FALSE
"NAME0312","2","3",36,"H",3.5,FALSE,FALSE
"NAME0313","2","3",36,"H",3.91,FALSE,FALSE
"NAME0314","2","3",36,"H",3.58,FALSE,FALSE
"NAME0315","2","3",36,"H",3.87,FALSE,FALSE
"NAME0316","2","3",36,"H",4,FALSE,FALSE
"NAME0317","2","3",36,"H",3.83,FALSE,FALSE
"NAME0318","2","3",37,"H",3.92,FALSE,FALSE
"NAME0319","2","3",37,"H",3.68,FALSE,FALSE
"NAME0320","2","3",37,"H",3.9,FALSE,FALSE
"NAME0321","2","3",37,"H",3.46,FALSE,FALSE
"NAME0322","2","3",37,"H",4,FALSE,FALSE
"NAME0323","2","3",37,"H",4,FALSE,FALSE
"NAME0324","2","3",38,"H",4,FALSE,FALSE
"NAME0325","2","3",38,"H",4,FALSE,FALSE
"NAME0326","2","3",38,"H",3.78,FALSE,FALSE
"NAME0327","2","3",38,"H",3.82,FALSE,FALSE
"NAME0328","2","3",38,"H",3.8,FALSE,FALSE
"NAME0329","2","3",38,"H",3.91,FALSE,FALSE
"NAME0330","2","3",38,"H",3.96,FALSE,FALSE
"NAME0331","2","3",38,"H",3.58,FALSE,FALSE
"NAME0332","2","3",38,"H",3.96,FALSE,FALSE
"NAME0333","2","3",38,"H",3.97,FALSE,FALSE
"NAME0334","2","3",39,"H",4,FALSE,FALSE
"NAME0335","2","3",39,"H",4,FALSE,FALSE
"NAME0336","2","3",39,"H",3.96,FALSE,FALSE
"NAME0337","2","3",39,"H",3.95,FALSE,FALSE
"NAME0338","2","3",39,"H",3.95,FALSE,FALSE
"NAME0339","2","3",39,"H",4,FALSE,FALSE
"NAME0340","2","3",39,"H",0,FALSE,FALSE
"NAME0341","2","3",39,"H",3.96,FALSE,FALSE
"NAME0342","2","3",39,"H",3.93,FALSE,FALSE
"NAME0343","2","3",39,"H",4,FALSE,FALSE
"NAME0344","2","3",40,"H",3.62,FALSE,FALSE
"NAME0345","2","3",40,"H",2.96,FALSE,FALSE
"NAME0346","2","3",40,"H",3.28,FALSE,FALSE
"NAME0347","2","3",40,"H",4,FALSE,FALSE
"NAME0348","2","3",40,"H",3.79,FALSE,FALSE
"NAME0349","2","3",40,"H",3.33,FALSE,FALSE
"NAME0350","2","3",40,"H",3.94,FALSE,FALSE
"NAME0351","2","3",40,"H",4,FALSE,FALSE
"NAME0352","2","3",40,"H",4,FALSE,FALSE
"NAME0353","2","3",40,"H",4,FALSE,FALSE
"NAME0354","2","3",40,"H",3.91,FALSE,FALSE
"NAME0355","2","3",40,"H",4,FALSE,FALSE
"NAME0356","2","3",40,"H",4,FALSE,FALSE
"NAME0357","2","3",40,"H",3.96,FALSE,FALSE
"NAME0358","2","3",40,"H",3.8,FALSE,FALSE
"NAME0359","2","3",41,"H",3.96,TRUE,FALSE
"NAME0360","2","3",41,"H",3.5,TRUE,FALSE
"NAME0361","2","3",41,"H",4,TRUE,FALSE
"NAME0362","2","3",41,"H",3.08,TRUE,FALSE
"NAME0363","2","3",41,"H",4,TRUE,FALSE
"NAME0364","2","3",41,"H",3.83,TRUE,FALSE
"NAME0365","2","3",41,"H",3.6,TRUE,FALSE
"NAME0366","2","3",41,"H",4,TRUE,FALSE
"NAME0367","2","3",41,"H",3.65,TRUE,FALSE
"NAME0368","2","3",42,"H",4,TRUE,FALSE
"NAME0369","2","3",42,"H",4,TRUE,FALSE
"NAME0370","2","3",42,"H",4,TRUE,FALSE
"NAME0371","2","3",42,"H",3.45,TRUE,FALSE
"NAME0372","2","3",42,"H",3.51,TRUE,FALSE
"NAME0373","2","3",42,"H",3.89,TRUE,FALSE
"NAME0374","2","3",42,"H",3.88,TRUE,FALSE
"NAME0375","2","3",42,"H",3.96,TRUE,FALSE
"NAME0376","2","3",42,"H",3.95,TRUE,FALSE
"NAME0377","2","3",42,"H",4,TRUE,FALSE
"NAME0378","2","3",42,"H",3.88,TRUE,FALSE
"NAME0379","2","3",42,"H",3.95,TRUE,FALSE
"NAME0380","2","3",42,"H",3.73,TRUE,FALSE
"NAME0381","2","3",42,"H",4,TRUE,FALSE
"NAME0382","2","3",42,"H",3.96,TRUE,FALSE
"NAME0383","2","3",42,"H",3.96,TRUE,FALSE
"NAME0384","2","3",43,"H",3.88,TRUE,FALSE
"NAME0385","2","3",43,"H",4,TRUE,FALSE
"NAME0386","2","3",43,"H",4,TRUE,FALSE
"NAME0387","2","3",43,"H",4,TRUE,FALSE
"NAME0388","2","3",43,"H",3.93,TRUE,FALSE
"NAME0389","2","3",43,"H",4,TRUE,FALSE
"NAME0390","2","3",43,"H",3.88,TRUE,FALSE
"NAME0391","2","3",43,"H",4,TRUE,FALSE
"NAME0392","2","3",43,"H",3.9,TRUE,FALSE
"NAME0393","2","3",43,"H",3.77,TRUE,FALSE
"NAME0394","2","3",43,"H",3.59,TRUE,FALSE
"NAME0395","2","3",43,"H",4,TRUE,FALSE
"NAME0396","2","3",43,"H",4,TRUE,FALSE
"NAME0397","2","3",43,"H",0,TRUE,FALSE
"NAME0398","2","3",43,"H",4,TRUE,FALSE
"NAME0399","2","3",43,"H",4,TRUE,FALSE
"NAME0400","2","3",43,"H",3.93,TRUE,FALSE
"NAME0401","2","3",44,"H",4,TRUE,FALSE
"NAME0402","2","3",44,"H",4,TRUE,FALSE
"NAME0403","2","3",44,"H",3.95,TRUE,FALSE
"NAME0404","2","3",44,"H",3.4,TRUE,FALSE
"NAME0405","2","3",44,"H",4,TRUE,FALSE
"NAME0406","2","3",44,"H",4,TRUE,FALSE
"NAME0407","2","3",44,"H",3.23,TRUE,FALSE
"NAME0408","2","3",44,"H",3.77,TRUE,FALSE
"NAME0409","2","3",44,"H",4,TRUE,FALSE
"NAME0410","2","3",44,"H",3.95,TRUE,FALSE
"NAME0411","2","3",44,"H",4,TRUE,FALSE
"NAME0412","2","3",44,"H",2.33,TRUE,FALSE
"NAME0413","2","3",45,"H",4,TRUE,FALSE
"NAME0414","2","3",45,"H",3.81,TRUE,FALSE
"NAME0415","2","3",45,"H",4,TRUE,FALSE
"NAME0416","2","3",45,"H",3.95,TRUE,FALSE
"NAME0417","2","3",45,"H",3.92,TRUE,FALSE
"NAME0418","2","3",45,"H",3.96,TRUE,FALSE
"NAME0419","2","3",45,"H",3.63,TRUE,FALSE
"NAME0420","2","3",45,"H",3.84,TRUE,FALSE
"NAME0421","2","3",45,"H",3.93,TRUE,FALSE
"NAME0422","2","3",45,"H",0,TRUE,FALSE
"NAME0423","2","3",45,"H",3.9,TRUE,FALSE
"NAME0424","2","3",45,"H",4,TRUE,FALSE
"NAME0425","2","3",46,"H",3.8,TRUE,FALSE
"NAME0426","2","3",46,"H",4,TRUE,FALSE
"NAME0427","2","3",46,"H",3.74,TRUE,FALSE
"NAME0428","2","3",47,"H",3.37,TRUE,FALSE
"NAME0429","2","1",26,"L",3.81,FALSE,FALSE
"NAME0430","2","1",27,"L",3.81,FALSE,FALSE
"NAME0431","2","1",28,"L",4,FALSE,FALSE
"NAME0432","2","1",28,"L",4,FALSE,FALSE
"NAME0433","2","1",28,"L",4,FALSE,FALSE
"NAME0434","2","1",29,"L",3.53,FALSE,FALSE
"NAME0435","2","1",30,"L",3.86,FALSE,FALSE
"NAME0436","2","1",30,"L",4,FALSE,FALSE
"NAME0437","2","1",30,"L",4,FALSE,FALSE
"NAME0438","2","1",30,"L",3.86,FALSE,FALSE
"NAME0439","2","1",30,"L",3.29,FALSE,FALSE
"NAME0440","2","1",30,"L",3.88,FALSE,FALSE
"NAME0441","2","1",30,"L",4,FALSE,FALSE
"NAME0442","2","4",30,"H",3.95,FALSE,FALSE
"NAME0443","2","1",31,"L",3.25,FALSE,FALSE
"NAME0444","2","1",32,"L",3.7,FALSE,FALSE
"NAME0445","2","1",32,"L",3.86,FALSE,FALSE
"NAME0446","2","1",32,"L",4,FALSE,FALSE
"NAME0447","2","1",32,"L",4,FALSE,FALSE
"NAME0448","2","1",32,"L",3.92,FALSE,FALSE
"NAME0449","2","1",32,"L",3.2,FALSE,FALSE
"NAME0450","2","1",32,"L",4,FALSE,FALSE
"NAME0451","2","1",33,"L",3.95,FALSE,FALSE
"NAME0452","2","1",33,"L",3.5,FALSE,FALSE
"NAME0453","2","1",34,"L",3.9,FALSE,FALSE
"NAME0454","2","1",34,"L",3.86,FALSE,FALSE
"NAME0455","2","1",34,"L",3.86,FALSE,FALSE
"NAME0456","2","1",34,"L",4,FALSE,FALSE
"NAME0457","2","4",34,"H",3.7,FALSE,FALSE
"NAME0458","2","1",35,"L",3.95,FALSE,FALSE
"NAME0459","2","1",35,"L",3.84,FALSE,FALSE
"NAME0460","2","1",35,"L",3.9,FALSE,FALSE
"NAME0461","2","1",35,"L",3.62,FALSE,FALSE
"NAME0462","2","1",35,"L",4,FALSE,FALSE
"NAME0463","2","1",35,"L",3.95,FALSE,FALSE
"NAME0464","2","4",35,"H",3.8,FALSE,FALSE
"NAME0465","2","4",35,"H",3.95,FALSE,FALSE
"NAME0466","2","1",36,"L",3.92,FALSE,FALSE
"NAME0467","2","1",36,"L",3.92,FALSE,FALSE
"NAME0468","2","1",36,"L",4,FALSE,FALSE
"NAME0469","2","1",36,"L",3.82,FALSE,FALSE
"NAME0470","2","1",36,"L",3.9,FALSE,FALSE
"NAME0471","2","1",36,"L",3.96,FALSE,FALSE
"NAME0472","2","1",36,"L",3.77,FALSE,FALSE
"NAME0473","2","1",37,"L",4,FALSE,FALSE
"NAME0474","2","1",37,"L",3.84,FALSE,FALSE
"NAME0475","2","1",37,"L",4,FALSE,FALSE
"NAME0476","2","1",37,"L",3.86,FALSE,FALSE
"NAME0477","2","1",37,"L",3.9,FALSE,FALSE
"NAME0478","2","1",38,"L",3.6,FALSE,FALSE
"NAME0479","2","1",38,"L",4,FALSE,FALSE
"NAME0480","2","1",38,"L",3.9,FALSE,FALSE
"NAME0481","2","1",38,"L",3.96,FALSE,FALSE
"NAME0482","2","1",39,"L",4,FALSE,FALSE
"NAME0483","2","1",39,"L",3.77,FALSE,FALSE
"NAME0484","2","1",39,"L",4,FALSE,FALSE
"NAME0485","2","1",39,"L",3.3,FALSE,FALSE
"NAME0486","2","1",40,"L",3.27,FALSE,FALSE
"NAME0487","2","1",41,"L",4,TRUE,FALSE
"NAME0488","2","1",42,"L",3.96,TRUE,FALSE
"NAME0489","2","1",44,"L",3.88,TRUE,FALSE
"NAME0490","2","1",44,"L",3.44,TRUE,FALSE
"NAME0504","3","3",28,"A",3.78,FALSE,TRUE
"NAME0505","3","3",28,"A",3.9,FALSE,TRUE
"NAME0506","3","3",30,"A",3.42,FALSE,TRUE
"NAME0507","3","3",31,"A",4,FALSE,TRUE
"NAME0508","3","3",31,"A",4,FALSE,TRUE
"NAME0509","3","3",32,"A",3.77,FALSE,TRUE
"NAME0510","3","3",32,"A",3.67,FALSE,TRUE
"NAME0511","3","3",32,"A",0,FALSE,TRUE
"NAME0512","3","3",32,"A",3.96,FALSE,TRUE
"NAME0513","3","3",32,"A",3.74,FALSE,TRUE
"NAME0514","3","3",32,"A",4,FALSE,TRUE
"NAME0515","3","3",33,"A",3.67,FALSE,TRUE
"NAME0516","3","3",33,"A",3.94,FALSE,TRUE
"NAME0517","3","3",33,"A",4,FALSE,TRUE
"NAME0518","3","3",33,"A",3.79,FALSE,TRUE
"NAME0519","3","3",33,"A",0,FALSE,TRUE
"NAME0520","3","3",33,"A",3.92,FALSE,TRUE
"NAME0521","3","3",35,"A",4,FALSE,TRUE
"NAME0522","3","3",35,"A",4,FALSE,TRUE
"NAME0523","3","3",35,"A",3.96,FALSE,TRUE
"NAME0524","3","3",35,"A",4,FALSE,TRUE
"NAME0525","3","3",35,"A",4,FALSE,TRUE
"NAME0526","3","3",35,"A",3.82,FALSE,TRUE
"NAME0527","3","3",35,"A",4,FALSE,TRUE
"NAME0528","3","3",35,"A",3.85,FALSE,TRUE
"NAME0529","3","3",35,"A",4,FALSE,TRUE
"NAME0530","3","3",35,"A",3.79,FALSE,TRUE
"NAME0531","3","3",35,"A",4,FALSE,TRUE
"NAME0532","3","3",35,"A",4,FALSE,TRUE
"NAME0533","3","3",36,"A",4,FALSE,TRUE
"NAME0534","3","3",36,"A",3.86,FALSE,TRUE
"NAME0535","3","3",36,"A",3.74,FALSE,TRUE
"NAME0536","3","3",36,"A",4,FALSE,TRUE
"NAME0537","3","3",36,"A",4,FALSE,TRUE
"NAME0538","3","3",36,"A",3.86,FALSE,TRUE
"NAME0539","3","3",36,"A",4,FALSE,TRUE
"NAME0540","3","3",36,"A",3.96,FALSE,TRUE
"NAME0541","3","3",36,"A",4,FALSE,TRUE
"NAME0542","3","3",36,"A",3.55,FALSE,TRUE
"NAME0543","3","3",36,"A",3.36,FALSE,TRUE
"NAME0544","3","3",36,"A",3.9,FALSE,TRUE
"NAME0545","3","3",36,"A",4,FALSE,TRUE
"NAME0546","3","3",36,"A",3.88,FALSE,TRUE
"NAME0547","3","3",36,"A",0,FALSE,TRUE
"NAME0548","3","3",36,"A",4,FALSE,TRUE
"NAME0549","3","3",36,"A",4,FALSE,TRUE
"NAME0550","3","3",36,"A",4,FALSE,TRUE
"NAME0551","3","3",37,"A",4,FALSE,TRUE
"NAME0552","3","3",37,"A",4,FALSE,TRUE
"NAME0553","3","3",37,"A",3.83,FALSE,TRUE
"NAME0554","3","3",37,"A",3.87,FALSE,TRUE
"NAME0555","3","3",37,"A",4,FALSE,TRUE
"NAME0556","3","3",37,"A",4,FALSE,TRUE
"NAME0557","3","3",37,"A",3.96,FALSE,TRUE
"NAME0558","3","3",37,"A",4,FALSE,TRUE
"NAME0559","3","3",37,"A",0,FALSE,TRUE
"NAME0560","3","3",37,"A",3.95,FALSE,TRUE
"NAME0561","3","3",37,"A",3.96,FALSE,TRUE
"NAME0562","3","3",37,"A",3.64,FALSE,TRUE
"NAME0563","3","3",37,"A",4,FALSE,TRUE
"NAME0564","3","3",37,"A",4,FALSE,TRUE
"NAME0565","3","3",37,"A",4,FALSE,TRUE
"NAME0566","3","3",37,"A",3.96,FALSE,TRUE
"NAME0567","3","3",37,"A",3.88,FALSE,TRUE
"NAME0568","3","3",37,"A",4,FALSE,TRUE
"NAME0569","3","3",37,"A",3.72,FALSE,TRUE
"NAME0570","3","3",38,"A",4,FALSE,TRUE
"NAME0571","3","3",38,"A",0,FALSE,TRUE
"NAME0572","3","3",38,"A",3.73,FALSE,TRUE
"NAME0573","3","3",38,"A",3.42,FALSE,TRUE
"NAME0574","3","3",38,"A",3.95,FALSE,TRUE
"NAME0575","3","3",38,"A",3.95,FALSE,TRUE
"NAME0576","3","3",38,"A",4,FALSE,TRUE
"NAME0577","3","3",38,"A",0,FALSE,TRUE
"NAME0578","3","3",38,"A",3.8,FALSE,TRUE
"NAME0579","3","3",38,"A",3.91,FALSE,TRUE
"NAME0580","3","3",38,"A",3.9,FALSE,TRUE
"NAME0581","3","3",38,"A",4,FALSE,TRUE
"NAME0582","3","3",38,"A",4,FALSE,TRUE
"NAME0583","3","3",38,"A",3.79,FALSE,TRUE
"NAME0584","3","3",38,"A",4,FALSE,TRUE
"NAME0585","3","3",38,"A",4,FALSE,TRUE
"NAME0586","3","3",38,"A",4,FALSE,TRUE
"NAME0587","3","3",38,"A",4,FALSE,TRUE
"NAME0588","3","3",38,"A",0,FALSE,TRUE
"NAME0589","3","3",38,"A",3.89,FALSE,TRUE
"NAME0590","3","3",38,"A",3.9,FALSE,TRUE
"NAME0591","3","3",38,"A",0,FALSE,TRUE
"NAME0592","3","3",38,"A",4,FALSE,TRUE
"NAME0593","3","3",38,"A",3.8,FALSE,TRUE
"NAME0594","3","3",38,"A",3.47,FALSE,TRUE
"NAME0595","3","3",39,"A",4,FALSE,TRUE
"NAME0596","3","3",39,"A",3.84,FALSE,TRUE
"NAME0597","3","3",39,"A",3.92,FALSE,TRUE
"NAME0598","3","3",39,"A",3.96,FALSE,TRUE
"NAME0599","3","3",39,"A",3.91,FALSE,TRUE
"NAME0600","3","3",39,"A",3.74,FALSE,TRUE
"NAME0601","3","3",39,"A",4,FALSE,TRUE
"NAME0602","3","3",39,"A",3.81,FALSE,TRUE
"NAME0603","3","3",39,"A",4,FALSE,TRUE
"NAME0604","3","3",39,"A",4,FALSE,TRUE
"NAME0605","3","3",39,"A",4,FALSE,TRUE
"NAME0606","3","3",39,"A",4,FALSE,TRUE
"NAME0607","3","3",39,"A",0,FALSE,TRUE
"NAME0608","3","3",39,"A",4,FALSE,TRUE
"NAME0609","3","3",39,"A",4,FALSE,TRUE
"NAME0610","3","3",39,"A",3.92,FALSE,TRUE
"NAME0611","3","3",39,"A",0,FALSE,TRUE
"NAME0612","3","3",39,"A",4,FALSE,TRUE
"NAME0613","3","3",39,"A",3.68,FALSE,TRUE
"NAME0614","3","3",40,"A",4,FALSE,TRUE
"NAME0615","3","3",40,"A",3.96,FALSE,TRUE
"NAME0616","3","3",40,"A",3.95,FALSE,TRUE
"NAME0617","3","3",40,"A",4,FALSE,TRUE
"NAME0618","3","3",40,"A",4,FALSE,TRUE
"NAME0619","3","3",40,"A",3.72,FALSE,TRUE
"NAME0620","3","3",40,"A",3.97,FALSE,TRUE
"NAME0621","3","3",40,"A",4,FALSE,TRUE
"NAME0622","3","3",40,"A",3.92,FALSE,TRUE
"NAME0623","3","3",40,"A",3.91,FALSE,TRUE
"NAME0624","3","3",40,"A",4,FALSE,TRUE
"NAME0625","3","3",40,"A",3.81,FALSE,TRUE
"NAME0626","3","3",40,"A",3.92,FALSE,TRUE
"NAME0627","3","3",40,"A",4,FALSE,TRUE
"NAME0628","3","3",40,"A",3.69,FALSE,TRUE
"NAME0629","3","3",40,"A",3.92,FALSE,TRUE
"NAME0630","3","3",40,"A",4,FALSE,TRUE
"NAME0631","3","3",40,"A",3.75,FALSE,TRUE
"NAME0632","3","3",40,"A",0,FALSE,TRUE
"NAME0633","3","3",40,"A",3.84,FALSE,TRUE
"NAME0634","3","3",40,"A",3.95,FALSE,TRUE
"NAME0635","3","3",40,"A",4,FALSE,TRUE
"NAME0636","3","3",40,"A",3.95,FALSE,TRUE
"NAME0637","3","3",40,"A",3.9,FALSE,TRUE
"NAME0638","3","3",40,"A",3.76,FALSE,TRUE
"NAME0639","3","3",41,"A",0,TRUE,TRUE
"NAME0640","3","3",41,"A",4,TRUE,TRUE
"NAME0641","3","3",41,"A",3.87,TRUE,TRUE
"NAME0642","3","3",41,"A",4,TRUE,TRUE
"NAME0643","3","3",41,"A",3.97,TRUE,TRUE
"NAME0644","3","3",41,"A",4,TRUE,TRUE
"NAME0645","3","3",41,"A",4,TRUE,TRUE
"NAME0646","3","3",41,"A",4,TRUE,TRUE
"NAME0647","3","3",41,"A",4,TRUE,TRUE
"NAME0648","3","3",41,"A",3.33,TRUE,TRUE
"NAME0649","3","3",41,"A",3.71,TRUE,TRUE
"NAME0650","3","3",41,"A",4,TRUE,TRUE
"NAME0651","3","3",41,"A",4,TRUE,TRUE
"NAME0652","3","3",41,"A",3.72,TRUE,TRUE
"NAME0653","3","3",41,"A",3.96,TRUE,TRUE
"NAME0654","3","3",41,"A",3.93,TRUE,TRUE
"NAME0655","3","3",41,"A",4,TRUE,TRUE
"NAME0656","3","3",41,"A",3.96,TRUE,TRUE
"NAME0657","3","3",41,"A",0,TRUE,TRUE
"NAME0658","3","3",41,"A",3.91,TRUE,TRUE
"NAME0659","3","3",41,"A",0,TRUE,TRUE
"NAME0660","3","3",41,"A",3.97,TRUE,TRUE
"NAME0661","3","3",41,"A",0,TRUE,TRUE
"NAME0662","3","3",41,"A",3.29,TRUE,TRUE
"NAME0663","3","3",41,"A",3.16,TRUE,TRUE
"NAME0664","3","3",41,"A",3.47,TRUE,TRUE
"NAME0665","3","3",41,"A",3.44,TRUE,TRUE
"NAME0666","3","3",41,"A",3.96,TRUE,TRUE
"NAME0667","3","3",42,"A",4,TRUE,TRUE
"NAME0668","3","3",42,"A",3.8,TRUE,TRUE
"NAME0669","3","3",42,"A",3.92,TRUE,TRUE
"NAME0670","3","3",42,"A",4,TRUE,TRUE
"NAME0671","3","3",42,"A",3.9,TRUE,TRUE
"NAME0672","3","3",42,"A",3.66,TRUE,TRUE
"NAME0673","3","3",42,"A",4,TRUE,TRUE
"NAME0674","3","3",42,"A",4,TRUE,TRUE
"NAME0675","3","3",42,"A",4,TRUE,TRUE
"NAME0676","3","3",42,"A",3.9,TRUE,TRUE
"NAME0677","3","3",42,"A",0,TRUE,TRUE
"NAME0678","3","3",42,"A",4,TRUE,TRUE
"NAME0679","3","3",42,"A",4,TRUE,TRUE
"NAME0680","3","3",42,"A",3.7,TRUE,TRUE
"NAME0681","3","3",42,"A",4,TRUE,TRUE
"NAME0682","3","3",42,"A",4,TRUE,TRUE
"NAME0683","3","3",42,"A",3.76,TRUE,TRUE
"NAME0684","3","3",42,"A",4,TRUE,TRUE
"NAME0685","3","3",42,"A",4,TRUE,TRUE
"NAME0686","3","3",42,"A",3.76,TRUE,TRUE
"NAME0687","3","3",42,"A",3.87,TRUE,TRUE
"NAME0688","3","3",42,"A",3.92,TRUE,TRUE
"NAME0689","3","3",42,"A",4,TRUE,TRUE
"NAME0690","3","3",42,"A",3.85,TRUE,TRUE
"NAME0691","3","3",42,"A",3.92,TRUE,TRUE
"NAME0692","3","3",42,"A",4,TRUE,TRUE
"NAME0693","3","3",42,"A",2.95,TRUE,TRUE
"NAME0694","3","3",42,"A",3.96,TRUE,TRUE
"NAME0695","3","3",42,"A",3.88,TRUE,TRUE
"NAME0696","3","3",42,"A",3.9,TRUE,TRUE
"NAME0697","3","3",42,"A",3.86,TRUE,TRUE
"NAME0698","3","3",43,"A",3.93,TRUE,TRUE
"NAME0699","3","3",43,"A",3.92,TRUE,TRUE
"NAME0700","3","3",43,"A",3.71,TRUE,TRUE
"NAME0701","3","3",43,"A",4,TRUE,TRUE
"NAME0702","3","3",43,"A",4,TRUE,TRUE
"NAME0703","3","3",43,"A",4,TRUE,TRUE
"NAME0704","3","3",43,"A",4,TRUE,TRUE
"NAME0705","3","3",43,"A",3.89,TRUE,TRUE
"NAME0706","3","3",43,"A",3.84,TRUE,TRUE
"NAME0707","3","3",43,"A",3.93,TRUE,TRUE
"NAME0708","3","3",43,"A",4,TRUE,TRUE
"NAME0709","3","3",43,"A",3.88,TRUE,TRUE
"NAME0710","3","3",43,"A",3.66,TRUE,TRUE
"NAME0711","3","3",43,"A",4,TRUE,TRUE
"NAME0712","3","3",43,"A",4,TRUE,TRUE
"NAME0713","3","3",43,"A",0,TRUE,TRUE
"NAME0714","3","3",43,"A",3.94,TRUE,TRUE
"NAME0715","3","3",43,"A",3.77,TRUE,TRUE
"NAME0716","3","3",43,"A",3.89,TRUE,TRUE
"NAME0717","3","3",43,"A",4,TRUE,TRUE
"NAME0718","3","3",43,"A",3.84,TRUE,TRUE
"NAME0719","3","3",43,"A",3.47,TRUE,TRUE
"NAME0720","3","3",43,"A",3.73,TRUE,TRUE
"NAME0721","3","3",43,"A",4,TRUE,TRUE
"NAME0722","3","3",43,"A",3.76,TRUE,TRUE
"NAME0723","3","3",43,"A",3.92,TRUE,TRUE
"NAME0724","3","3",43,"A",4,TRUE,TRUE
"NAME0725","3","3",43,"A",3.69,TRUE,TRUE
"NAME0726","3","3",43,"A",3.96,TRUE,TRUE
"NAME0727","3","3",43,"A",0,TRUE,TRUE
"NAME0728","3","3",43,"A",3.69,TRUE,TRUE
"NAME0729","3","3",43,"A",4,TRUE,TRUE
"NAME0730","3","3",44,"A",3.46,TRUE,TRUE
"NAME0731","3","3",44,"A",4,TRUE,TRUE
"NAME0732","3","3",44,"A",3.91,TRUE,TRUE
"NAME0733","3","3",44,"A",3.9,TRUE,TRUE
"NAME0734","3","3",44,"A",4,TRUE,TRUE
"NAME0735","3","3",44,"A",3.98,TRUE,TRUE
"NAME0736","3","3",44,"A",3.66,TRUE,TRUE
"NAME0737","3","3",44,"A",4,TRUE,TRUE
"NAME0738","3","3",44,"A",4,TRUE,TRUE
"NAME0739","3","3",44,"A",4,TRUE,TRUE
"NAME0740","3","3",44,"A",4,TRUE,TRUE
"NAME0741","3","3",44,"A",4,TRUE,TRUE
"NAME0742","3","3",44,"A",0,TRUE,TRUE
"NAME0743","3","3",44,"A",4,TRUE,TRUE
"NAME0744","3","3",44,"A",4,TRUE,TRUE
"NAME0745","3","3",44,"A",3.76,TRUE,TRUE
"NAME0746","3","3",44,"A",3.92,TRUE,TRUE
"NAME0747","3","3",44,"A",3.92,TRUE,TRUE
"NAME0748","3","3",44,"A",3.85,TRUE,TRUE
"NAME0749","3","3",44,"A",4,TRUE,TRUE
"NAME0750","3","3",44,"A",4,TRUE,TRUE
"NAME0751","3","3",44,"A",4,TRUE,TRUE
"NAME0752","3","3",44,"A",4,TRUE,TRUE
"NAME0753","3","3",44,"A",3.86,TRUE,TRUE
"NAME0754","3","3",44,"A",4,TRUE,TRUE
"NAME0755","3","3",44,"A",3.8,TRUE,TRUE
"NAME0756","3","3",44,"A",4,TRUE,TRUE
"NAME0757","3","3",45,"A",4,TRUE,TRUE
"NAME0758","3","3",45,"A",3.95,TRUE,TRUE
"NAME0759","3","3",45,"A",4,TRUE,TRUE
"NAME0760","3","3",45,"A",0,TRUE,TRUE
"NAME0761","3","3",45,"A",4,TRUE,TRUE
"NAME0762","3","3",45,"A",3.91,TRUE,TRUE
"NAME0763","3","3",45,"A",4,TRUE,TRUE
"NAME0764","3","3",45,"A",4,TRUE,TRUE
"NAME0765","3","3",45,"A",3.92,TRUE,TRUE
"NAME0766","3","3",45,"A",4,TRUE,TRUE
"NAME0767","3","3",45,"A",4,TRUE,TRUE
"NAME0768","3","3",45,"A",4,TRUE,TRUE
"NAME0769","3","3",45,"A",4,TRUE,TRUE
"NAME0770","3","3",45,"A",4,TRUE,TRUE
"NAME0771","3","3",45,"A",3.93,TRUE,TRUE
"NAME0772","3","3",45,"A",4,TRUE,TRUE
"NAME0773","3","3",45,"A",4,TRUE,TRUE
"NAME0774","3","3",45,"A",4,TRUE,TRUE
"NAME0775","3","3",45,"A",3.95,TRUE,TRUE
"NAME0776","3","3",45,"A",3.91,TRUE,TRUE
"NAME0777","3","3",45,"A",3.54,TRUE,TRUE
"NAME0778","3","3",45,"A",3.73,TRUE,TRUE
"NAME0779","3","3",45,"A",4,TRUE,TRUE
"NAME0780","3","3",45,"A",4,TRUE,TRUE
"NAME0781","3","3",45,"A",4,TRUE,TRUE
"NAME0782","3","3",45,"A",4,TRUE,TRUE
"NAME0783","3","3",45,"A",3.98,TRUE,TRUE
"NAME0784","3","3",45,"A",0,TRUE,TRUE
"NAME0785","3","3",45,"A",3.93,TRUE,TRUE
"NAME0786","3","3",45,"A",3.96,TRUE,TRUE
"NAME0787","3","3",45,"A",4,TRUE,TRUE
"NAME0788","3","3",46,"A",3.96,TRUE,TRUE
"NAME0789","3","3",46,"A",3.85,TRUE,TRUE
"NAME0790","3","3",46,"A",4,TRUE,TRUE
"NAME0791","3","3",46,"A",3.84,TRUE,TRUE
"NAME0792","3","3",46,"A",3.96,TRUE,TRUE
"NAME0793","3","3",46,"A",3.95,TRUE,TRUE
"NAME0794","3","3",46,"A",4,TRUE,TRUE
"NAME0795","3","3",46,"A",4,TRUE,TRUE
"NAME0796","3","3",46,"A",3.75,TRUE,TRUE
"NAME0797","3","3",46,"A",4,TRUE,TRUE
"NAME0798","3","3",46,"A",4,TRUE,TRUE
"NAME0799","3","3",46,"A",3.57,TRUE,TRUE
"NAME0800","3","3",46,"A",4,TRUE,TRUE
"NAME0801","3","3",46,"A",4,TRUE,TRUE
"NAME0802","3","3",46,"A",3.13,TRUE,TRUE
"NAME0803","3","3",46,"A",3.93,TRUE,TRUE
"NAME0804","3","3",47,"A",4,TRUE,TRUE
"NAME0805","3","3",47,"A",4,TRUE,TRUE
"NAME0806","3","3",47,"A",3.89,TRUE,TRUE
"NAME0807","3","3",47,"A",3.79,TRUE,TRUE
"NAME0808","3","3",47,"A",4,TRUE,TRUE
"NAME0809","3","3",47,"A",3.71,TRUE,TRUE
"NAME0810","3","3",47,"A",4,TRUE,TRUE
"NAME0811","3","3",47,"A",4,TRUE,TRUE
"NAME0812","3","3",47,"A",4,TRUE,TRUE
"NAME0813","3","3",47,"A",3.81,TRUE,TRUE
"NAME0814","3","3",47,"A",4,TRUE,TRUE
"NAME0815","3","3",47,"A",4,TRUE,TRUE
"NAME0816","3","3",47,"A",4,TRUE,TRUE
"NAME0817","3","3",47,"A",4,TRUE,TRUE
"NAME0818","3","3",47,"A",3.9,TRUE,TRUE
"NAME0819","3","3",47,"A",3.92,TRUE,TRUE
"NAME0820","3","3",48,"A",4,TRUE,TRUE
"NAME0821","3","3",48,"A",4,TRUE,TRUE
"NAME0822","3","3",48,"A",4,TRUE,TRUE
"NAME0823","3","1",25,"L",4,FALSE,FALSE
"NAME0824","3","2",26,"L",3.42,FALSE,FALSE
"NAME0825","3","2",26,"L",3.9,FALSE,FALSE
"NAME0826","3","2",26,"L",3.96,FALSE,FALSE
"NAME0827","3","2",27,"L",3.89,FALSE,FALSE
"NAME0828","3","2",27,"L",4,FALSE,FALSE
"NAME0829","3","2",28,"L",3.93,FALSE,FALSE
"NAME0830","3","2",28,"L",3.82,FALSE,FALSE
"NAME0831","3","2",28,"L",3.87,FALSE,FALSE
"NAME0832","3","2",28,"L",4,FALSE,FALSE
"NAME0833","3","4",28,"H",4,FALSE,FALSE
"NAME0834","3","1",29,"L",3.92,FALSE,FALSE
"NAME0835","3","2",29,"L",0,FALSE,FALSE
"NAME0836","3","2",29,"L",4,FALSE,FALSE
"NAME0837","3","2",29,"L",3.95,FALSE,FALSE
"NAME0838","3","5",29,"H",3.96,FALSE,FALSE
"NAME0839","3","1",30,"L",4,FALSE,FALSE
"NAME0840","3","2",30,"L",4,FALSE,FALSE
"NAME0841","3","1",30,"L",3.96,FALSE,FALSE
"NAME0842","3","2",30,"L",4,FALSE,FALSE
"NAME0843","3","2",30,"L",3.82,FALSE,FALSE
"NAME0844","3","4",30,"H",4,FALSE,FALSE
"NAME0845","3","1",31,"L",3.92,FALSE,FALSE
"NAME0846","3","2",31,"L",3.56,FALSE,FALSE
"NAME0847","3","2",31,"L",3.5,FALSE,FALSE
"NAME0848","3","2",31,"L",4,FALSE,FALSE
"NAME0849","3","2",31,"L",4,FALSE,FALSE
"NAME0850","3","2",31,"L",3.88,FALSE,FALSE
"NAME0851","3","1",31,"L",4,FALSE,FALSE
"NAME0852","3","2",31,"L",4,FALSE,FALSE
"NAME0853","3","2",32,"L",4,FALSE,FALSE
"NAME0854","3","2",32,"L",3.69,FALSE,FALSE
"NAME0855","3","2",32,"L",0,FALSE,FALSE
"NAME0856","3","1",32,"L",4,FALSE,FALSE
"NAME0857","3","1",32,"L",3.95,FALSE,FALSE
"NAME0858","3","2",32,"L",3.65,FALSE,FALSE
"NAME0859","3","2",33,"L",3.83,FALSE,FALSE
"NAME0860","3","2",33,"L",3.95,FALSE,FALSE
"NAME0861","3","1",33,"L",3.88,FALSE,FALSE
"NAME0862","3","1",33,"L",4,FALSE,FALSE
"NAME0863","3","1",33,"L",4,FALSE,FALSE
"NAME0864","3","2",33,"L",4,FALSE,FALSE
"NAME0865","3","2",33,"L",3.94,FALSE,FALSE
"NAME0866","3","2",33,"L",3.29,FALSE,FALSE
"NAME0867","3","2",33,"L",4,FALSE,FALSE
"NAME0868","3","4",33,"H",4,FALSE,FALSE
"NAME0869","3","1",34,"L",4,FALSE,FALSE
"NAME0870","3","2",34,"L",3.95,FALSE,FALSE
"NAME0871","3","2",34,"L",3.69,FALSE,FALSE
"NAME0872","3","2",34,"L",3.82,FALSE,FALSE
"NAME0873","3","2",34,"L",4,FALSE,FALSE
"NAME0874","3","2",34,"L",4,FALSE,FALSE
"NAME0875","3","2",34,"L",4,FALSE,FALSE
"NAME0876","3","2",34,"L",3.88,FALSE,FALSE
"NAME0877","3","2",34,"L",4,FALSE,FALSE
"NAME0878","3","2",34,"L",3.9,FALSE,FALSE
"NAME0879","3","2",34,"L",4,FALSE,FALSE
"NAME0880","3","1",34,"L",4,FALSE,FALSE
"NAME0881","3","2",34,"L",3.88,FALSE,FALSE
"NAME0882","3","2",34,"L",3.96,FALSE,FALSE
"NAME0883","3","2",34,"L",3.83,FALSE,FALSE
"NAME0884","3","2",34,"L",3.96,FALSE,FALSE
"NAME0885","3","2",34,"L",4,FALSE,FALSE
"NAME0886","3","2",34,"L",3.96,FALSE,FALSE
"NAME0887","3","2",34,"L",4,FALSE,FALSE
"NAME0888","3","1",35,"L",3.89,FALSE,FALSE
"NAME0889","3","1",35,"L",3.95,FALSE,FALSE
"NAME0890","3","1",35,"L",3.91,FALSE,FALSE
"NAME0891","3","1",35,"L",4,FALSE,FALSE
"NAME0892","3","2",35,"L",3.95,FALSE,FALSE
"NAME0893","3","2",35,"L",0,FALSE,FALSE
"NAME0894","3","2",35,"L",3.53,FALSE,FALSE
"NAME0895","3","2",35,"L",3.95,FALSE,FALSE
"NAME0896","3","2",35,"L",3.96,FALSE,FALSE
"NAME0897","3","2",35,"L",4,FALSE,FALSE
"NAME0898","3","2",35,"L",4,FALSE,FALSE
"NAME0899","3","2",35,"L",4,FALSE,FALSE
"NAME0900","3","2",35,"L",3.57,FALSE,FALSE
"NAME0901","3","2",35,"L",3.63,FALSE,FALSE
"NAME0902","3","2",35,"L",3.82,FALSE,FALSE
"NAME0903","3","2",35,"L",3.76,FALSE,FALSE
"NAME0904","3","2",35,"L",3.88,FALSE,FALSE
"NAME0905","3","2",35,"L",4,FALSE,FALSE
"NAME0906","3","2",35,"L",3.9,FALSE,FALSE
"NAME0907","3","2",35,"L",4,FALSE,FALSE
"NAME0908","3","2",35,"L",3.67,FALSE,FALSE
"NAME0909","3","2",35,"L",4,FALSE,FALSE
"NAME0910","3","2",35,"L",3.96,FALSE,FALSE
"NAME0911","3","2",35,"L",3.8,FALSE,FALSE
"NAME0912","3","5",35,"H",3.88,FALSE,FALSE
"NAME0913","3","1",36,"L",3.96,FALSE,FALSE
"NAME0914","3","2",36,"L",3.66,FALSE,FALSE
"NAME0915","3","2",36,"L",3.87,FALSE,FALSE
"NAME0916","3","2",36,"L",3.68,FALSE,FALSE
"NAME0917","3","2",36,"L",3.07,FALSE,FALSE
"NAME0918","3","2",36,"L",3.67,FALSE,FALSE
"NAME0919","3","2",36,"L",3.95,FALSE,FALSE
"NAME0920","3","2",36,"L",4,FALSE,FALSE
"NAME0921","3","2",36,"L",3.85,FALSE,FALSE
"NAME0922","3","2",36,"L",4,FALSE,FALSE
"NAME0923","3","2",36,"L",3.8,FALSE,FALSE
"NAME0924","3","1",36,"L",3.59,FALSE,FALSE
"NAME0925","3","1",36,"L",3.9,FALSE,FALSE
"NAME0926","3","2",36,"L",3.65,FALSE,FALSE
"NAME0927","3","2",36,"L",3.83,FALSE,FALSE
"NAME0928","3","2",36,"L",4,FALSE,FALSE
"NAME0929","3","2",36,"L",3.92,FALSE,FALSE
"NAME0930","3","2",36,"L",3.9,FALSE,FALSE
"NAME0931","3","2",36,"L",4,FALSE,FALSE
"NAME0932","3","1",37,"L",4,FALSE,FALSE
"NAME0933","3","1",37,"L",3.77,FALSE,FALSE
"NAME0934","3","2",37,"L",4,FALSE,FALSE
"NAME0935","3","2",37,"L",3.5,FALSE,FALSE
"NAME0936","3","2",37,"L",3.92,FALSE,FALSE
"NAME0937","3","2",37,"L",4,FALSE,FALSE
"NAME0938","3","2",37,"L",4,FALSE,FALSE
"NAME0939","3","2",37,"L",3.75,FALSE,FALSE
"NAME0940","3","2",37,"L",3.86,FALSE,FALSE
"NAME0941","3","2",37,"L",4,FALSE,FALSE
"NAME0942","3","2",37,"L",3.69,FALSE,FALSE
"NAME0943","3","2",37,"L",4,FALSE,FALSE
"NAME0944","3","1",37,"L",3.61,FALSE,FALSE
"NAME0945","3","1",37,"L",3.85,FALSE,FALSE
"NAME0946","3","2",37,"L",3.58,FALSE,FALSE
"NAME0947","3","2",37,"L",4,FALSE,FALSE
"NAME0948","3","2",37,"L",4,FALSE,FALSE
"NAME0949","3","2",37,"L",4,FALSE,FALSE
"NAME0950","3","1",38,"L",4,FALSE,FALSE
"NAME0951","3","1",38,"L",3.61,FALSE,FALSE
"NAME0952","3","2",38,"L",4,FALSE,FALSE
"NAME0953","3","2",38,"L",3.69,FALSE,FALSE
"NAME0954","3","2",38,"L",4,FALSE,FALSE
"NAME0955","3","2",38,"L",4,FALSE,FALSE
"NAME0956","3","2",38,"L",4,FALSE,FALSE
"NAME0957","3","2",38,"L",3.96,FALSE,FALSE
"NAME0958","3","2",38,"L",4,FALSE,FALSE
"NAME0959","3","2",38,"L",3.95,FALSE,FALSE
"NAME0960","3","2",38,"L",3.91,FALSE,FALSE
"NAME0961","3","2",38,"L",4,FALSE,FALSE
"NAME0962","3","2",38,"L",3.85,FALSE,FALSE
"NAME0963","3","2",38,"L",4,FALSE,FALSE
"NAME0964","3","2",38,"L",4,FALSE,FALSE
"NAME0965","3","2",38,"L",3.8,FALSE,FALSE
"NAME0966","3","2",38,"L",4,FALSE,FALSE
"NAME0967","3","2",38,"L",3.83,FALSE,FALSE
"NAME0968","3","2",38,"L",4,FALSE,FALSE
"NAME0969","3","2",38,"L",4,FALSE,FALSE
"NAME0970","3","2",38,"L",4,FALSE,FALSE
"NAME0971","3","2",38,"L",4,FALSE,FALSE
"NAME0972","3","2",38,"L",4,FALSE,FALSE
"NAME0973","3","2",39,"L",4,FALSE,FALSE
"NAME0974","3","2",39,"L",3.71,FALSE,FALSE
"NAME0975","3","2",39,"L",4,FALSE,FALSE
"NAME0976","3","2",39,"L",4,FALSE,FALSE
"NAME0977","3","2",39,"L",3.65,FALSE,FALSE
"NAME0978","3","2",39,"L",4,FALSE,FALSE
"NAME0979","3","2",39,"L",4,FALSE,FALSE
"NAME0980","3","2",39,"L",3.9,FALSE,FALSE
"NAME0981","3","2",39,"L",3.97,FALSE,FALSE
"NAME0982","3","2",39,"L",3.89,FALSE,FALSE
"NAME0983","3","1",39,"L",4,FALSE,FALSE
"NAME0984","3","2",39,"L",4,FALSE,FALSE
"NAME0985","3","2",39,"L",3.88,FALSE,FALSE
"NAME0986","3","2",39,"L",4,FALSE,FALSE
"NAME0987","3","2",39,"L",4,FALSE,FALSE
"NAME0988","3","2",39,"L",4,FALSE,FALSE
"NAME0989","3","2",39,"L",3.92,FALSE,FALSE
"NAME0990","3","2",39,"L",3.81,FALSE,FALSE
"NAME0991","3","2",39,"L",3.9,FALSE,FALSE
"NAME0992","3","5",39,"H",3.67,FALSE,FALSE
"NAME0993","3","2",40,"L",4,FALSE,FALSE
"NAME0994","3","2",40,"L",3.9,FALSE,FALSE
"NAME0995","3","2",40,"L",3.73,FALSE,FALSE
"NAME0996","3","2",40,"L",4,FALSE,FALSE
"NAME0997","3","2",40,"L",4,FALSE,FALSE
"NAME0998","3","2",40,"L",4,FALSE,FALSE
"NAME0999","3","2",40,"L",4,FALSE,FALSE
"NAME1000","3","2",40,"L",3.81,FALSE,FALSE
"NAME1001","3","2",40,"L",3.95,FALSE,FALSE
"NAME1002","3","2",40,"L",3.95,FALSE,FALSE
"NAME1003","3","2",40,"L",0,FALSE,FALSE
"NAME1004","3","2",40,"L",3.92,FALSE,FALSE
"NAME1005","3","2",40,"L",4,FALSE,FALSE
"NAME1006","3","1",40,"L",4,FALSE,FALSE
"NAME1007","3","2",40,"L",3.72,FALSE,FALSE
"NAME1008","3","2",40,"L",3.8,FALSE,FALSE
"NAME1009","3","2",40,"L",3.79,FALSE,FALSE
"NAME1010","3","2",40,"L",3.91,FALSE,FALSE
"NAME1011","3","2",40,"L",4,FALSE,FALSE
"NAME1012","3","2",40,"L",4,FALSE,FALSE
"NAME1013","3","2",40,"L",4,FALSE,FALSE
"NAME1014","3","4",40,"H",4,FALSE,FALSE
"NAME1015","3","4",40,"H",3.87,FALSE,FALSE
"NAME1016","3","2",41,"L",4,TRUE,FALSE
"NAME1017","3","2",41,"L",3.45,TRUE,FALSE
"NAME1018","3","2",41,"L",3.95,TRUE,FALSE
"NAME1019","3","2",41,"L",3.79,TRUE,FALSE
"NAME1020","3","2",41,"L",4,TRUE,FALSE
"NAME1021","3","2",41,"L",3.82,TRUE,FALSE
"NAME1022","3","2",41,"L",3.95,TRUE,FALSE
"NAME1023","3","2",41,"L",4,TRUE,FALSE
"NAME1024","3","2",41,"L",3.94,TRUE,FALSE
"NAME1025","3","2",41,"L",4,TRUE,FALSE
"NAME1026","3","2",41,"L",3.86,TRUE,FALSE
"NAME1027","3","2",41,"L",4,TRUE,FALSE
"NAME1028","3","5",41,"H",0,TRUE,FALSE
"NAME1029","3","2",42,"L",3.8,TRUE,FALSE
"NAME1030","3","2",42,"L",4,TRUE,FALSE
"NAME1031","3","2",42,"L",4,TRUE,FALSE
"NAME1032","3","2",42,"L",3.15,TRUE,FALSE
"NAME1033","3","2",42,"L",4,TRUE,FALSE
"NAME1034","3","2",42,"L",3.7,TRUE,FALSE
"NAME1035","3","2",42,"L",3.96,TRUE,FALSE
"NAME1036","3","2",42,"L",4,TRUE,FALSE
"NAME1037","3","2",42,"L",4,TRUE,FALSE
"NAME1038","3","2",42,"L",4,TRUE,FALSE
"NAME1039","3","5",42,"H",4,TRUE,FALSE
"NAME1040","3","1",43,"L",4,TRUE,FALSE
"NAME1041","3","2",43,"L",3.87,TRUE,FALSE
"NAME1042","3","2",43,"L",3.84,TRUE,FALSE
"NAME1043","3","2",43,"L",3.85,TRUE,FALSE
"NAME1044","3","2",43,"L",4,TRUE,FALSE
"NAME1045","3","2",43,"L",4,TRUE,FALSE
"NAME1046","3","2",43,"L",4,TRUE,FALSE
"NAME1047","3","2",43,"L",3.96,TRUE,FALSE
"NAME1048","3","2",43,"L",3.23,TRUE,FALSE
"NAME1049","3","2",43,"L",3.38,TRUE,FALSE
"NAME1050","3","2",43,"L",3.9,TRUE,FALSE
"NAME1051","3","2",43,"L",3.82,TRUE,FALSE
"NAME1052","3","2",43,"L",3.68,TRUE,FALSE
"NAME1053","3","2",43,"L",3.72,TRUE,FALSE
"NAME1054","3","2",43,"L",3.9,TRUE,FALSE
"NAME1055","3","5",43,"H",4,TRUE,FALSE
"NAME1056","3","2",44,"L",3.68,TRUE,FALSE
"NAME1057","3","2",44,"L",4,TRUE,FALSE
"NAME1058","3","2",44,"L",4,TRUE,FALSE
"NAME1059","3","2",44,"L",3.96,TRUE,FALSE
"NAME1060","3","2",44,"L",4,TRUE,FALSE
"NAME1061","3","2",44,"L",3.73,TRUE,FALSE
"NAME1062","3","2",44,"L",3.93,TRUE,FALSE
"NAME1063","3","2",44,"L",3.9,TRUE,FALSE
"NAME1064","3","2",44,"L",4,TRUE,FALSE
"NAME1065","3","2",45,"L",3.6,TRUE,FALSE
"NAME1066","3","2",45,"L",3.88,TRUE,FALSE
"NAME1067","3","2",45,"L",3.95,TRUE,FALSE
"NAME1068","3","1",45,"L",3.82,TRUE,FALSE
"NAME1069","3","2",45,"L",3.92,TRUE,FALSE
"NAME1070","3","2",45,"L",4,TRUE,FALSE
"NAME1071","3","5",45,"H",4,TRUE,FALSE
"NAME1072","3","5",45,"H",0,TRUE,FALSE
"NAME1073","3","2",46,"L",3.8,TRUE,FALSE
"NAME1074","3","2",46,"L",4,TRUE,FALSE
"NAME1075","3","2",46,"L",4,TRUE,FALSE
"NAME1076","3","1",46,"L",3.84,TRUE,FALSE
"NAME1077","3","1",46,"L",4,TRUE,FALSE
"NAME1078","3","2",46,"L",3.96,TRUE,FALSE
"NAME1079","3","2",46,"L",3.63,TRUE,FALSE
"NAME1080","3","2",47,"L",4,TRUE,FALSE
"NAME1081","3","2",48,"L",3.89,TRUE,FALSE
"NAME1089","3",NA,44,"L",4,TRUE,FALSE
